"Tweet id","Tweet permalink","Tweet text","time","impressions","engagements","engagement rate","retweets","replies","likes","user profile clicks","url clicks","hashtag clicks","detail expands","permalink clicks","app opens","app installs","follows","email tweet","dial phone","media views","media engagements","promoted impressions","promoted engagements","promoted engagement rate","promoted retweets","promoted replies","promoted likes","promoted user profile clicks","promoted url clicks","promoted hashtag clicks","promoted detail expands","promoted permalink clicks","promoted app opens","promoted app installs","promoted follows","promoted email tweet","promoted dial phone","promoted media views","promoted media engagements"
"1354911468202897414","https://twitter.com/hoprnet/status/1354911468202897414","Happy #DataPrivacyDay!

HOPR is committed to a more private web for everyone

HOPR contribute to a #privacyFirst #web3 from #layer0 up

Read more in The Book of HOPR: https://t.co/L5QUZ1LZqy","2021-01-28 21:57 +0000","10936.0","220.0","0.02011704462326262","11.0","1.0","37.0","27.0","38.0","3.0","103.0","0.0","0","0","0","0","0","0","0","-","-","-","-","-","-","-","-","-","-","-","-","-","-","-","-","-","-"
"1354459400602312709","https://twitter.com/hoprnet/status/1354459400602312709","🇨🇭🏔  We're so proud of our community running the HOPR #Titlis testnet! 

🌍🌏  In under 24h you got to over 2'000 nodes in 58 countries

🤯🙏 We're grateful to @infura_io for generously supporting the insane testnet load https://t.co/bM8Wdoxrml","2021-01-27 16:01 +0000","96735.0","3263.0","0.03373132785444772","50.0","25.0","173.0","391.0","3.0","24.0","1450.0","0.0","0","0","2","0","0","1145","1145","-","-","-","-","-","-","-","-","-","-","-","-","-","-","-","-","-","-"
"1352254827359850500","https://twitter.com/hoprnet/status/1352254827359850500","🇨🇭We broke the interwebs 🔥 but we are back with more!  🏔 Welcome to Titlis Testnet v2 🏔
.
.
.
https://t.co/8OaixM4Fkj
.
.
.
As usual, we will be answering all your questions on Telegram! ✈️   #testnet #hopr #hoprnet #buidl #privacy #web3","2021-01-21 14:00 +0000","8480.0","515.0","0.0607311320754717","13.0","1.0","30.0","38.0","219.0","9.0","205.0","0.0","0","0","0","0","0","0","0","-","-","-","-","-","-","-","-","-","-","-","-","-","-","-","-","-","-"
"1351612164927352835","https://twitter.com/hoprnet/status/1351612164927352835","🚀 WOW. That was intense. 🤯

Your interest overwhelmed:
-- our Bootstrap Node
-- Binance Smart Chain's Websocket Endpoint

So, we've decided to conclude this testnet, rename it Titlis v1 (𝘩𝘪𝘯𝘵 𝘩𝘪𝘯𝘵) and present you with the final task for today:

https://t.co/FU30VGebFk https://t.co/rxF6mijk7O","2021-01-19 19:27 +0000","85321.0","1490.0","0.017463461515922225","33.0","5.0","55.0","166.0","282.0","0.0","685.0","0.0","0","0","0","0","0","264","264","-","-","-","-","-","-","-","-","-","-","-","-","-","-","-","-","-","-"
"1351529594776551427","https://twitter.com/hoprnet/status/1351529594776551427","🇨🇭 🏔️ TITLIS 🇨🇭 IS 🇨🇭 HERE🏔  .
.
.
https://t.co/8OaixMmgbR
.
.
.
#testnet #hopr #hoprnet #buidl #privacy #web3","2021-01-19 13:59 +0000","16118.0","402.0","0.02494105968482442","10.0","3.0","27.0","58.0","145.0","6.0","153.0","0.0","0","0","0","0","0","0","0","-","-","-","-","-","-","-","-","-","-","-","-","-","-","-","-","-","-"
"1351223474564591617","https://twitter.com/hoprnet/status/1351223474564591617","🇨🇭🏔   The Guide to HOPR Titlis Testnet is now available: https://t.co/OWPmX6xlAv

This post will get you up-to-speed on what is coming with the Titlis Testnet tomorrow.

Onboarding begins tomorrow the 19th at 3PM CET, looking forward to seeing you then!","2021-01-18 17:42 +0000","27380.0","729.0","0.02662527392257122","16.0","2.0","46.0","113.0","292.0","0.0","260.0","0.0","0","0","0","0","0","0","0","-","-","-","-","-","-","-","-","-","-","-","-","-","-","-","-","-","-"
"1350174039684296705","https://twitter.com/hoprnet/status/1350174039684296705","""... as we slowly turn it over to the community ...""

- The Book of HOPR

https://t.co/L5QUZ1LZqy

#hopr #hoprnet #buidl #privacy #web3","2021-01-15 20:12 +0000","9373.0","217.0","0.02315160567587752","7.0","0.0","24.0","19.0","94.0","2.0","71.0","0.0","0","0","0","0","0","0","0","-","-","-","-","-","-","-","-","-","-","-","-","-","-","-","-","-","-"
"1349371122471628801","https://twitter.com/hoprnet/status/1349371122471628801","🤔 So far one question came up much more than others

🤐 So often, that we even had to discourage it in our AMA

🌕 Now finally here is all you ever wanted to know about the HOPR Token:

https://t.co/LxMXRmLOgS","2021-01-13 15:02 +0000","45788.0","1179.0","0.025749104568882675","23.0","6.0","53.0","119.0","508.0","0.0","470.0","0.0","0","0","0","0","0","0","0","-","-","-","-","-","-","-","-","-","-","-","-","-","-","-","-","-","-"
"1348380550839595010","https://twitter.com/hoprnet/status/1348380550839595010","The centralized infrastructure of Tor has been attacked

Time to move privacy networks to decentralized foundations

Join HOPR - privacy for the web &amp; #web3

https://t.co/XkBPbsYkk8 https://t.co/mzlQRDEJ3P","2021-01-10 21:25 +0000","8885.0","217.0","0.02442318514350028","6.0","1.0","22.0","16.0","38.0","0.0","134.0","0.0","0","0","0","0","0","0","0","-","-","-","-","-","-","-","-","-","-","-","-","-","-","-","-","-","-"
