"Tweet id","Tweet permalink","Tweet text","time","impressions","engagements","engagement rate","retweets","replies","likes","user profile clicks","url clicks","hashtag clicks","detail expands","permalink clicks","app opens","app installs","follows","email tweet","dial phone","media views","media engagements","promoted impressions","promoted engagements","promoted engagement rate","promoted retweets","promoted replies","promoted likes","promoted user profile clicks","promoted url clicks","promoted hashtag clicks","promoted detail expands","promoted permalink clicks","promoted app opens","promoted app installs","promoted follows","promoted email tweet","promoted dial phone","promoted media views","promoted media engagements"
"1376939779053531138","https://twitter.com/hoprnet/status/1376939779053531138","HOPR Farm 🪴 Season 1 has begun!

In 7 days, $HOPR farmers can harvest 0.096 HOPR per UNI-V2 they've planted in the Farm on @Uniswap

🚜 The Farm: https://t.co/K1fC9vxmN4

🤯 The Stats: https://t.co/zsOlIeldZK","2021-03-30 16:50 +0000","32803.0","1549.0","0.04722129073560345","27.0","2.0","84.0","80.0","763.0","0.0","590.0","0.0","0","0","0","0","0","3","3","-","-","-","-","-","-","-","-","-","-","-","-","-","-","-","-","-","-"
"1376876252716527616","https://twitter.com/hoprnet/status/1376876252716527616","@CiaraHuobi @HuobiGlobal 🙋‍♀️ Community, @CiaraHuobi asks which coin should be on @HuobiGlobal right now?

$HOPR  #HOPRonHuobi

https://t.co/wWNMmldBDL

👨‍🌾 And check out the HOPR Farm! First planting ends SOON: https://t.co/K1fC9vxmN4","2021-03-30 12:37 +0000","7844.0","1192.0","0.15196328403875572","110.0","62.0","314.0","101.0","111.0","6.0","488.0","0.0","0","0","0","0","0","0","0","-","-","-","-","-","-","-","-","-","-","-","-","-","-","-","-","-","-"
"1376866801070473216","https://twitter.com/hoprnet/status/1376866801070473216","🪴 First planting season on https://t.co/6wgqnJpM5r ends soon, block 12141500

Get your gear out of the barn 🚜👩‍🌾

https://t.co/UqotdioT3O https://t.co/APZHcPzAeZ","2021-03-30 12:00 +0000","9086.0","740.0","0.08144397974906449","26.0","1.0","81.0","55.0","232.0","0.0","303.0","0.0","0","0","0","0","0","42","42","-","-","-","-","-","-","-","-","-","-","-","-","-","-","-","-","-","-"
"1376678054639005696","https://twitter.com/hoprnet/status/1376678054639005696","🧐 Still curious as to whether to join the $HOPR Farm liquidity rewards program on @Uniswap

👉 We did a review of some things to consider

⚖️ Hopefully this helps in weighing your decision

https://t.co/DL2npy5joM https://t.co/mazIaF0owj","2021-03-29 23:30 +0000","17996.0","1068.0","0.05934652144921094","22.0","9.0","73.0","65.0","234.0","0.0","453.0","0.0","0","0","0","0","0","212","212","-","-","-","-","-","-","-","-","-","-","-","-","-","-","-","-","-","-"
"1376564810138099713","https://twitter.com/hoprnet/status/1376564810138099713","👩‍🌾 Plant your UNI-V2 at the $HOPR Farm on @Uniswap quickly! 

Only ~24 hours left to plant for the first season: https://t.co/Hchrk6y3pS

Your $HOPR Planting Guide: https://t.co/UqotdioT3O https://t.co/YtAyzGBXCj","2021-03-29 16:00 +0000","11906.0","1086.0","0.09121451369057618","28.0","1.0","102.0","65.0","380.0","0.0","455.0","0.0","0","0","0","0","0","55","55","-","-","-","-","-","-","-","-","-","-","-","-","-","-","-","-","-","-"
"1376444017957736450","https://twitter.com/hoprnet/status/1376444017957736450","❓️ Why Liquidity Mining on @Uniswap ?

❗️ Because the HOPR Genesis DAO said so!

Learn more about our DAO:
https://t.co/Z0EKcJfXvK

And $HORP farming:
https://t.co/UqotdioT3O https://t.co/QH0nJ9SAXB","2021-03-29 08:00 +0000","12698.0","814.0","0.06410458339896047","25.0","3.0","99.0","153.0","178.0","0.0","312.0","0.0","0","0","0","0","0","44","44","-","-","-","-","-","-","-","-","-","-","-","-","-","-","-","-","-","-"
"1376202427339210752","https://twitter.com/hoprnet/status/1376202427339210752","🤔 Wondering how to farm $HOPR in the liquidity mining program starting on Tuesday on @Uniswap
?

🥳 Here's how in 1 minute!

For more info: https://t.co/UqotdioT3O https://t.co/tR5gmpcHqT","2021-03-28 16:00 +0000","19291.0","2494.0","0.1292830853766005","45.0","7.0","117.0","152.0","265.0","0.0","847.0","0.0","0","0","0","0","0","4189","1061","-","-","-","-","-","-","-","-","-","-","-","-","-","-","-","-","-","-"
"1376142022373998599","https://twitter.com/hoprnet/status/1376142022373998599","$HOPR mining on @Uniswap

Starting this Tuesday at block 12141500 - get ready!

https://t.co/6wgqnJHnu1 https://t.co/QsWpRXVQJr","2021-03-28 12:00 +0000","22623.0","1897.0","0.08385271626221102","57.0","5.0","181.0","212.0","489.0","0.0","847.0","0.0","0","0","0","0","0","106","106","-","-","-","-","-","-","-","-","-","-","-","-","-","-","-","-","-","-"
"1375840042166362115","https://twitter.com/hoprnet/status/1375840042166362115","🎂 Happy HOPR Day! 🎂

🇨🇭 One year ago today, HOPR was formed in Switzerland. 

🦄 On Tuesday, the party really gets started with 5mil $HOPR liquidity mining rewards on @Uniswap

🔜 https://t.co/FMBUR4y8ms https://t.co/iqNZJampuK","2021-03-27 16:00 +0000","15791.0","948.0","0.06003419669431955","44.0","9.0","162.0","85.0","126.0","0.0","428.0","0.0","0","0","0","0","0","94","94","-","-","-","-","-","-","-","-","-","-","-","-","-","-","-","-","-","-"
"1375779643232501764","https://twitter.com/hoprnet/status/1375779643232501764","💭 Remember the $HOPR sale on @BalancerLabs? Seems like a lifetime ago now, right?  

⚡️ We've been busy crunching the numbers from this sale...

🎁 We're pleased to present... our LBP Sale Analysis for your enjoyment 😉

https://t.co/26yLxc9WoD https://t.co/si5PcpWOpn","2021-03-27 12:00 +0000","14611.0","1248.0","0.08541509821367463","24.0","8.0","111.0","97.0","313.0","0.0","627.0","0.0","0","0","0","0","0","68","68","-","-","-","-","-","-","-","-","-","-","-","-","-","-","-","-","-","-"
"1375538045076656128","https://twitter.com/hoprnet/status/1375538045076656128","👨‍💼 Alejandro: Hey, did you hear?
🤷‍♀️ Betty: Hear what?
🙋‍♂️ Chāo: Got it! Thanks for the tip…

5mil $HOPR tokens are up for grabs starting block 12141500 (next Tuesday)

https://t.co/UqotdioT3O https://t.co/FFNk7oTiBR","2021-03-26 20:00 +0000","13766.0","1205.0","0.08753450530292024","23.0","1.0","107.0","113.0","352.0","0.0","510.0","0.0","0","0","0","0","0","99","99","-","-","-","-","-","-","-","-","-","-","-","-","-","-","-","-","-","-"
"1375428823609716743","https://twitter.com/hoprnet/status/1375428823609716743","🟡 Community, aren't you tired of 'wen Binance?' questions in our chats?

https://t.co/1jvbW21vKp

🚦 Now is your chance to cut down on 'wen Binance' questions by 100%. Let's go!

💛 Please:
1.reply to CZ with $HOPR
https://t.co/lEYHJ93U7V our reply to CZ: https://t.co/t0gNKvwP3Q","2021-03-26 12:46 +0000","23440.0","2007.0","0.08562286689419796","53.0","16.0","188.0","132.0","635.0","0.0","983.0","0.0","0","0","0","0","0","0","0","-","-","-","-","-","-","-","-","-","-","-","-","-","-","-","-","-","-"
"1375428085013680128","https://twitter.com/hoprnet/status/1375428085013680128","@cz_binance @binance $HOPR

https://t.co/0OeRTedxxV","2021-03-26 12:43 +0000","279062.0","12143.0","0.043513627795973654","586.0","352.0","2999.0","2676.0","741.0","0.0","4773.0","0.0","0","0","1","0","0","15","15","-","-","-","-","-","-","-","-","-","-","-","-","-","-","-","-","-","-"
"1374676112870154240","https://twitter.com/hoprnet/status/1374676112870154240","🇰🇷🇨🇭 Our AMA with @Minted_lab is happening in 5 minutes! 

Please join us: https://t.co/1r8ilLDUmo https://t.co/EIznYtBSPX","2021-03-24 10:55 +0000","10831.0","359.0","0.0331456005908965","13.0","0.0","49.0","57.0","65.0","0.0","130.0","0.0","0","0","0","0","0","45","45","-","-","-","-","-","-","-","-","-","-","-","-","-","-","-","-","-","-"
"1374632077849554946","https://twitter.com/hoprnet/status/1374632077849554946","🟡 The HOPR Farm is coming - we're pleased to present to you our guide on how to farm on Uniswap to earn your share of 5mil $HOPR Tokens!

👩‍🌾 https://t.co/UqotdioT3O

Speaking of 🦄 ... Congrats to @uniswap on the exciting news about their Uniswap V3 AMM!","2021-03-24 08:00 +0000","20529.0","1668.0","0.08125091334210141","68.0","7.0","148.0","134.0","621.0","0.0","690.0","0.0","0","0","0","0","0","0","0","-","-","-","-","-","-","-","-","-","-","-","-","-","-","-","-","-","-"
"1374497050188902400","https://twitter.com/hoprnet/status/1374497050188902400","🇰🇷🇨🇭Hopr 코리아 커뮤니티에 입장해주시고 많은 관심가져주세요^^!

We're doing an AMA with @Minted_lab soon, Wednesday 24th at 20:00 KST 

Please join us! https://t.co/1r8ilLVvdW
https://t.co/LzVXLugzlE https://t.co/bGHrAWlhzp","2021-03-23 23:03 +0000","11830.0","557.0","0.047083685545224005","11.0","5.0","55.0","104.0","62.0","0.0","263.0","0.0","0","0","0","0","0","57","57","-","-","-","-","-","-","-","-","-","-","-","-","-","-","-","-","-","-"
"1372812481182248965","https://twitter.com/hoprnet/status/1372812481182248965","...and how do you think private DeFi apps would send transactions across the net?

""Some reveal their metadata to ISPs, Cloudflare, AWS and all their `legitimate data sub-processors`""
¯\_(ツ)_/¯ https://t.co/xW2xyFWRuS","2021-03-19 07:29 +0000","22698.0","861.0","0.037932857520486384","24.0","3.0","86.0","127.0","1.0","0.0","620.0","0.0","0","0","0","0","0","0","0","-","-","-","-","-","-","-","-","-","-","-","-","-","-","-","-","-","-"
"1372569596729946119","https://twitter.com/hoprnet/status/1372569596729946119","🤔 Have you wondered what became of the Genesis DAO since it first launched the $HOPR token?

Let's find out! https://t.co/uVJ4DxykjH

And perhaps a little bit about where HOPR governance is headed, too... https://t.co/MU4MmJAMCd","2021-03-18 15:24 +0000","21987.0","1349.0","0.0613544367126029","34.0","4.0","133.0","128.0","220.0","0.0","700.0","0.0","0","0","0","0","0","130","130","-","-","-","-","-","-","-","-","-","-","-","-","-","-","-","-","-","-"
"1372227479029440512","https://twitter.com/hoprnet/status/1372227479029440512","The HOPR AMA with @GainsAssociates is about start! 

The AMA begins at 18:00 CET, we look forward to seeing you there!

➡️ https://t.co/yxRzyyRwax https://t.co/CVvXgioRMa","2021-03-17 16:45 +0000","12503.0","696.0","0.05566664000639846","6.0","2.0","68.0","102.0","77.0","0.0","342.0","0.0","0","0","0","0","0","99","99","-","-","-","-","-","-","-","-","-","-","-","-","-","-","-","-","-","-"
"1371842693119229952","https://twitter.com/hoprnet/status/1371842693119229952","Join us tomorrow for an AMA with @GainsAssociates

The AMA begins at 18:00 CET and this is one you won't want to miss!

➡️ https://t.co/yxRzyyzViZ https://t.co/oBAb4sIXma","2021-03-16 15:16 +0000","16837.0","892.0","0.052978559125734986","25.0","4.0","89.0","140.0","105.0","0.0","425.0","0.0","0","0","0","0","0","104","104","-","-","-","-","-","-","-","-","-","-","-","-","-","-","-","-","-","-"
"1371056512395788299","https://twitter.com/hoprnet/status/1371056512395788299","We present the founders of the HOPR Protocol🔥

https://t.co/eXkcg0kY4N","2021-03-14 11:12 +0000","23021.0","1506.0","0.06541853090656358","30.0","17.0","152.0","136.0","497.0","0.0","674.0","0.0","0","0","0","0","0","0","0","-","-","-","-","-","-","-","-","-","-","-","-","-","-","-","-","-","-"
"1370694124576239618","https://twitter.com/hoprnet/status/1370694124576239618","⚙️ Do you have experience with protocols and have some ideas on how to grow HOPR?

We are looking for a Protocol Engineer, is that you?

➡️ https://t.co/HtHAPXjDkw https://t.co/hEBFfrnNQg","2021-03-13 11:12 +0000","24926.0","772.0","0.030971676161437856","13.0","2.0","67.0","87.0","60.0","0.0","486.0","0.0","0","0","0","0","0","57","57","-","-","-","-","-","-","-","-","-","-","-","-","-","-","-","-","-","-"
"1370359922936971273","https://twitter.com/hoprnet/status/1370359922936971273","With our Liquidity Mining about to start, we need to make sure everything is SAFU 🔐

So we teamed up with @immunefi so you can help us find bugs🔎

➡️ https://t.co/bl5thSfaB1","2021-03-12 13:04 +0000","20584.0","960.0","0.046638165565487756","15.0","4.0","90.0","122.0","234.0","0.0","495.0","0.0","0","0","0","0","0","0","0","-","-","-","-","-","-","-","-","-","-","-","-","-","-","-","-","-","-"
"1370300031241232386","https://twitter.com/hoprnet/status/1370300031241232386","""Nearly every single website you visit transmits your data to dozens or even hundreds of companies"" @EFF

Are ISPs going to commit to basic user privacy protections? Either way, HOPR is here to help you regain privacy for good!

https://t.co/CESTxLPmaO https://t.co/QSDf9G7ywh","2021-03-12 09:06 +0000","23748.0","1056.0","0.04446690247599798","48.0","7.0","120.0","130.0","79.0","0.0","564.0","0.0","0","0","0","0","0","108","108","-","-","-","-","-","-","-","-","-","-","-","-","-","-","-","-","-","-"
"1369950588935487492","https://twitter.com/hoprnet/status/1369950588935487492","Congratulations @Cloudflare for making the web simpler, faster &amp; more private by removing the __cfduid cookie 👏

It is great to see some web2.0 companies truly embracing the vision of the #web3 wonder world 🧙

https://t.co/RmWAjdZsI0 https://t.co/4hKkdkGtfB","2021-03-11 09:57 +0000","17282.0","1110.0","0.06422867723643097","25.0","2.0","113.0","148.0","143.0","3.0","536.0","0.0","0","0","0","0","0","140","140","-","-","-","-","-","-","-","-","-","-","-","-","-","-","-","-","-","-"
"1368969510779191296","https://twitter.com/hoprnet/status/1368969510779191296","We proudly announce the winners of our Jungfrau Release Contest 🏆

We hope you join us in future games! 

Congratulations! https://t.co/n2m2pEECTX","2021-03-08 16:59 +0000","16146.0","1174.0","0.07271150749411619","14.0","14.0","76.0","85.0","305.0","0.0","670.0","0.0","0","0","0","0","0","10","10","-","-","-","-","-","-","-","-","-","-","-","-","-","-","-","-","-","-"
"1368520049095569410","https://twitter.com/hoprnet/status/1368520049095569410","🇸🇬 Did you miss our AMA with ETH Singapore?

🎥 No worries, we recorded it!

✅ Check it out here: https://t.co/DXRIxsYEjl","2021-03-07 11:13 +0000","18457.0","671.0","0.03635477054775966","10.0","2.0","54.0","98.0","37.0","0.0","394.0","0.0","0","1","0","0","0","75","75","-","-","-","-","-","-","-","-","-","-","-","-","-","-","-","-","-","-"
"1368157409546547206","https://twitter.com/hoprnet/status/1368157409546547206","Are you interested in HOPR integrations for the real world?

Hop on with us to create privacy enriching decentralized applications as a Senior Software Developer!

➡️ Apply here https://t.co/DPOUuy9uwy https://t.co/f3PBfNFEJl","2021-03-06 11:12 +0000","33838.0","1173.0","0.034665169336249184","21.0","3.0","114.0","117.0","160.0","0.0","665.0","0.0","0","0","0","0","0","93","93","-","-","-","-","-","-","-","-","-","-","-","-","-","-","-","-","-","-"
"1367856426421485577","https://twitter.com/hoprnet/status/1367856426421485577","@livecoinwatch has now listed the $HOPR Token

➡️ https://t.co/XQXV1RMbkg

Remember to be careful and trade responsibly on verified platforms, there are a lot of scammers out there 🔐","2021-03-05 15:16 +0000","1143.0","89.0","0.0778652668416448","2.0","2.0","6.0","28.0","31.0","0.0","20.0","0.0","0","0","0","0","0","0","0","-","-","-","-","-","-","-","-","-","-","-","-","-","-","-","-","-","-"
"1367810876187631620","https://twitter.com/hoprnet/status/1367810876187631620","Can't find HOPR information on Medium in your language?

How about you try searching our forum? 🌍🌏🌎 

➡️ https://t.co/geQHWAFDWv https://t.co/VFmbSeUDbI","2021-03-05 12:15 +0000","17752.0","733.0","0.04129112212708427","32.0","2.0","76.0","53.0","132.0","0.0","320.0","0.0","0","0","0","0","0","118","118","-","-","-","-","-","-","-","-","-","-","-","-","-","-","-","-","-","-"
"1367506370484793346","https://twitter.com/hoprnet/status/1367506370484793346","We love the Jungfraujoch 🏔 It is very inspiring

So much that we want to share it with you! 

Get our Jungfraujoch screensaver ➡️ https://t.co/uy9NtyYwxD https://t.co/AzkF9SyZxc","2021-03-04 16:05 +0000","20216.0","1090.0","0.053917688959240206","24.0","6.0","99.0","108.0","132.0","0.0","459.0","0.0","0","0","0","0","0","3503","262","-","-","-","-","-","-","-","-","-","-","-","-","-","-","-","-","-","-"
"1367457714662703106","https://twitter.com/hoprnet/status/1367457714662703106","Thank you for the trust in adding us to this list! 

Greetings and congratulations to our friends at @streamr for making the list too! https://t.co/7QCNKVUd0N","2021-03-04 12:51 +0000","22038.0","771.0","0.03498502586441601","26.0","5.0","86.0","143.0","0.0","0.0","510.0","0.0","0","0","0","0","0","1","1","-","-","-","-","-","-","-","-","-","-","-","-","-","-","-","-","-","-"
"1367417282712977410","https://twitter.com/hoprnet/status/1367417282712977410","HOPR’s incentivized mixnet will provide metadata private data transfer while rewarding node runners with HOPR tokens.

Read more about HOPR on @Cointelegraph 

➡️ https://t.co/0XVEab7PRO","2021-03-04 10:11 +0000","21748.0","947.0","0.04354423395254736","35.0","6.0","90.0","106.0","230.0","0.0","477.0","0.0","0","0","0","0","0","3","3","-","-","-","-","-","-","-","-","-","-","-","-","-","-","-","-","-","-"
"1367204581227302918","https://twitter.com/hoprnet/status/1367204581227302918","⚡️ Bounty Tokens are available to claim as of tomorrow! Did you participate in an incentivized testnet and have tokens from that? Well, those are unlocked and available 4th March at 14:00 CET.

Please read our latest blog to find out how!

https://t.co/wRtbxdqauJ

🖖","2021-03-03 20:05 +0000","16448.0","1282.0","0.07794260700389105","10.0","3.0","69.0","59.0","538.0","0.0","603.0","0.0","0","0","0","0","0","0","0","-","-","-","-","-","-","-","-","-","-","-","-","-","-","-","-","-","-"
"1367180501967118338","https://twitter.com/hoprnet/status/1367180501967118338","🟡 Dear Community! Please join us at 20hr CET today for an in-depth look at HOPR with @Cryptocito

Premiere here: https://t.co/AS7FqgqScE

🙌 We'd be pleased to see you there! 

👀 🟡 💛 ✌️

#privacy #web3 #hopr","2021-03-03 18:30 +0000","22214.0","586.0","0.026379760511389214","14.0","1.0","61.0","97.0","105.0","6.0","263.0","0.0","2","0","0","0","0","37","37","-","-","-","-","-","-","-","-","-","-","-","-","-","-","-","-","-","-"
"1367138212058177540","https://twitter.com/hoprnet/status/1367138212058177540","@CoinMarketCap
we would like to register three https://t.co/DsslFOpXuj emails to manage HOPR's self-reporting dashboard on CoinMarketCap. Thank you","2021-03-03 15:42 +0000","2266.0","208.0","0.09179170344218888","7.0","1.0","34.0","35.0","18.0","0.0","112.0","0.0","0","0","1","0","0","0","0","-","-","-","-","-","-","-","-","-","-","-","-","-","-","-","-","-","-"
"1367070246054612993","https://twitter.com/hoprnet/status/1367070246054612993","Welcome to our trip down memory lane for you to see the evolution of our technology⚙️ 

➡️ https://t.co/hTu4E9DEwG","2021-03-03 11:12 +0000","18412.0","744.0","0.04040842928524875","26.0","5.0","86.0","80.0","230.0","0.0","317.0","0.0","0","0","0","0","0","0","0","-","-","-","-","-","-","-","-","-","-","-","-","-","-","-","-","-","-"
"1366845011950772227","https://twitter.com/hoprnet/status/1366845011950772227","🏔🇨🇭 Welcome to HOPR Jungfrau

➡️  https://t.co/WqZHJGIHEV","2021-03-02 20:17 +0000","24918.0","1534.0","0.06156192310779356","46.0","6.0","139.0","136.0","632.0","0.0","575.0","0.0","0","0","0","0","0","0","0","-","-","-","-","-","-","-","-","-","-","-","-","-","-","-","-","-","-"
"1366716666197909516","https://twitter.com/hoprnet/status/1366716666197909516","Join us on Wednesday 3rd March for an AMA with @Cryptocito and @SCBuergel 

➡️ https://t.co/y6hzzAcHRu https://t.co/yC5OH0YS6x","2021-03-02 11:47 +0000","44606.0","1074.0","0.024077478366139084","25.0","15.0","78.0","180.0","90.0","0.0","465.0","0.0","0","0","0","0","0","221","221","-","-","-","-","-","-","-","-","-","-","-","-","-","-","-","-","-","-"
"1366482121179553792","https://twitter.com/hoprnet/status/1366482121179553792","We know you have lots of questions❓❓

Here's a rundown of all the announcements we'll be publishing this week.🟡🤯

➡️ https://t.co/fbgob7QExk","2021-03-01 20:15 +0000","17460.0","1363.0","0.07806414662084765","22.0","5.0","93.0","83.0","627.0","0.0","533.0","0.0","0","0","0","0","0","0","0","-","-","-","-","-","-","-","-","-","-","-","-","-","-","-","-","-","-"
"1366459471921299467","https://twitter.com/hoprnet/status/1366459471921299467","There are only 15 minutes left for the AMA with @altcointurk to begin!

You can still join us on the Altcointurk Telegram channel

➡️ https://t.co/lNMl1TC3Qg https://t.co/pL9dofgGpI","2021-03-01 18:45 +0000","19284.0","765.0","0.03967019290603609","8.0","5.0","59.0","128.0","128.0","0.0","291.0","0.0","0","0","0","0","0","146","146","-","-","-","-","-","-","-","-","-","-","-","-","-","-","-","-","-","-"
"1366413796085014531","https://twitter.com/hoprnet/status/1366413796085014531","@pmantzar Done!","2021-03-01 15:43 +0000","266.0","4.0","0.015037593984962405","0.0","0.0","1.0","1.0","0.0","0.0","2.0","0.0","0","0","0","0","0","0","0","-","-","-","-","-","-","-","-","-","-","-","-","-","-","-","-","-","-"
"1366403303853146117","https://twitter.com/hoprnet/status/1366403303853146117","@pmantzar We have the same error when we try sending you a DM... Could you look into your privacy settings perhaps?","2021-03-01 15:01 +0000","104.0","5.0","0.04807692307692308","0.0","1.0","1.0","1.0","0.0","0.0","2.0","0.0","0","0","0","0","0","0","0","-","-","-","-","-","-","-","-","-","-","-","-","-","-","-","-","-","-"
"1366373152989851650","https://twitter.com/hoprnet/status/1366373152989851650","🦄 HOPR Dai is top 20 Uniswap pool

💰️ 100% of funds plus fees moved from Balancer to Uniswap

🤯 $35m liquidity, $13m 24h volume

➡️ https://t.co/BlmssTNgTa https://t.co/VO64ccGt4Y","2021-03-01 13:02 +0000","96425.0","4204.0","0.04359865180191859","62.0","17.0","191.0","333.0","261.0","0.0","1331.0","0.0","0","0","0","0","0","2009","2009","-","-","-","-","-","-","-","-","-","-","-","-","-","-","-","-","-","-"
"1366373059079376902","https://twitter.com/hoprnet/status/1366373059079376902","@pmantzar Hello and thank you for participating in the Jungfrau Release games! We are very happy to announce that you are a winner! Please send us a direct message to claim your prize","2021-03-01 13:01 +0000","126.0","6.0","0.047619047619047616","0.0","1.0","0.0","3.0","0.0","0.0","2.0","0.0","0","0","0","0","0","0","0","-","-","-","-","-","-","-","-","-","-","-","-","-","-","-","-","-","-"
"1366372249289252867","https://twitter.com/hoprnet/status/1366372249289252867","@Lyf80929808 Hello and thank you for participating in the Jungfrau Release games! We are very happy to announce that you are a winner! Please send us a direct message to claim your prize","2021-03-01 12:58 +0000","226.0","0.0","0.0","0.0","0.0","0.0","0.0","0.0","0.0","0.0","0.0","0","0","0","0","0","0","0","-","-","-","-","-","-","-","-","-","-","-","-","-","-","-","-","-","-"
"1366371991339548672","https://twitter.com/hoprnet/status/1366371991339548672","@KristenKimbal18 Hello and thank you for participating in the Jungfrau Release games! We are very happy to announce that you are a winner! Please send us a direct message to claim your prize","2021-03-01 12:57 +0000","278.0","19.0","0.0683453237410072","0.0","2.0","0.0","4.0","0.0","0.0","13.0","0.0","0","0","0","0","0","0","0","-","-","-","-","-","-","-","-","-","-","-","-","-","-","-","-","-","-"
"1366371732546875394","https://twitter.com/hoprnet/status/1366371732546875394","@Jennife71349069 Hello and thank you for participating in the Jungfrau Release games! We are very happy to announce that you are a winner! Please send us a direct message to claim your prize","2021-03-01 12:56 +0000","213.0","2.0","0.009389671361502348","0.0","2.0","0.0","0.0","0.0","0.0","0.0","0.0","0","0","0","0","0","0","0","-","-","-","-","-","-","-","-","-","-","-","-","-","-","-","-","-","-"
"1366371429424517122","https://twitter.com/hoprnet/status/1366371429424517122","@IntexDniwe Hello and thank you for participating in the Jungfrau Release games! We are very happy to announce that you are a winner! Please send us a direct message to claim your prize","2021-03-01 12:55 +0000","353.0","44.0","0.12464589235127478","1.0","2.0","0.0","24.0","0.0","0.0","17.0","0.0","0","0","0","0","0","0","0","-","-","-","-","-","-","-","-","-","-","-","-","-","-","-","-","-","-"
